<?xml version="1.0" encoding="UTF-8"?>
<beans:beans xmlns="http://www.springframework.org/schema/mvc"
	xmlns:xsi="http://www.w3.org/2001/XMLSchema-instance"
	xmlns:beans="http://www.springframework.org/schema/beans"
	xmlns:context="http://www.springframework.org/schema/context"
	xsi:schemaLocation="http://www.springframework.org/schema/mvc http://www.springframework.org/schema/mvc/spring-mvc.xsd
		http://www.springframework.org/schema/beans http://www.springframework.org/schema/beans/spring-beans.xsd
		http://www.springframework.org/schema/context http://www.springframework.org/schema/context/spring-context.xsd">

	<!-- DispatcherServlet Context: defines this servlet's request-processing infrastructure -->
	
	<!-- Enables the Spring MVC @Controller programming model -->
	<annotation-driven />

	<!-- Handles HTTP GET requests for /resources/** by efficiently serving up static resources in the ${webappRoot}/resources directory -->
	<resources mapping="/resources/**" location="/resources/" />

	<!-- Resolves views selected for rendering by @Controllers to .jsp resources in the /WEB-INF/views directory -->
	<beans:bean class="org.springframework.web.servlet.view.InternalResourceViewResolver">
		<beans:property name="prefix" value="/WEB-INF/views/" />
		<beans:property name="suffix" value=".jsp" />
	</beans:bean>
	
	<context:component-scan base-package="org.zerock.controller" /> <!-- 이것 덕분에 따로 설정을 안해도 빈으로 파일들이 설정이 된다. 한번실행하면 다 콘트롤러에 있기 때문이다. -->
	
	
	<!-- 이부분을 설정해주지 않아서 에러 404번이 났다.
	참고 : servlet-context에서는 controller annotation만 등록하고 나머지(service, repository, component 등)는 spring bean으로 등록하지 않는다.

	use-default-filters="false" 로 설정하면 표기되지 않은 나머지(service, repository, component 등)는 spring bean으로 등록하지 않는다는 뜻이다. -->
	<context:component-scan base-package="com.test.pkg" use-default-filters="false">

	<context:include-filter type="annotation" expression="org.springframework.stereotype.Controller"/>

	</context:component-scan>
	
	
</beans:beans>
