<?xml version="1.0" encoding="UTF-8"?>
<beans xmlns="http://www.springframework.org/schema/beans"
	xmlns:xsi="http://www.w3.org/2001/XMLSchema-instance"
	xmlns:mybatis-spring="http://mybatis.org/schema/mybatis-spring"
	xmlns:context="http://www.springframework.org/schema/context"
	xsi:schemaLocation="http://mybatis.org/schema/mybatis-spring http://mybatis.org/schema/mybatis-spring-1.2.xsd
		http://www.springframework.org/schema/beans https://www.springframework.org/schema/beans/spring-beans.xsd
		http://www.springframework.org/schema/context http://www.springframework.org/schema/context/spring-context-4.3.xsd">
	
	<!-- Root Context: defines shared resources visible to all other web components -->
	
	<!-- 오라클 11g DB와 연동하기 위한 설정들 -->
	<!-- 참고로 book_ex 계정을 이용하는데 db book_ex로 만들 때 비밀번호를 book_ex로 쳐야 접속이 가능한다 시스템 비밀번호와 전혀 다르다.  -->
	<bean id="hikariConfig" class="com.zaxxer.hikari.HikariConfig">
		<property name="driverClassName" value="net.sf.log4jdbc.sql.jdbcapi.DriverSpy"></property>
		<property name="jdbcUrl" value="jdbc:log4jdbc:oracle:thin:@localhost:1521:XE"></property>
		<property name="username" value="book_ex"></property>
		<property name="password" value="book_ex"></property>
	</bean>
	
	<!-- HikariCP configuration -->
	<bean id="dataSource" class="com.zaxxer.hikari.HikariDataSource" destroy-method="close">
		<constructor-arg ref="hikariConfig" />
	</bean>
	
	<bean id="sqlSessionFactory" class="org.mybatis.spring.SqlSessionFactoryBean">
		<property name="dataSource" ref="dataSource"></property>
	</bean>
	
	<context:component-scan base-package="org.zerock.service"></context:component-scan>
	
	<!-- 이것을 넣어 주었는데 왜 오류가 났는지 알아야한다.- namespaces에 들어가 mybatis에 관한 것을 클릭해 줘야 에러가 안난다.  -->
	<!-- namespaces에 추가해줄 것을 추가해주었지만 오류가 나는 것을 확인을 할 수가 있다.  -->
	<!-- pom.xml에 오류가 나서 새로 추가해 준 부분을 추가하니 오류가 사라진 것을 확인 할 수가 있다. -->
	<mybatis-spring:scan base-package="org.zerock.mapper" />	
</beans>
