<?xml version="1.0" encoding="UTF-8"?>

<!DOCTYPE mapper
	PUBLIC "-//mybatis.org//DTD Mapper 3.0//EN"
	"http://mybatis.org/dtd/mybatis-3-mapper.dtd">
	<mapper namespace="org.zerock.mapper.ReplyMapper">
	<!-- ======================================================================================================== part4 -->
		<insert id = "insert">
			insert into tbl_reply (rno, bno, reply, replyer)
			values (seq_reply.nextval, #{bno}, #{reply}, #{replyer})
		
		</insert>
		
		<select id="read" resultType="org.zerock.domain.ReplyVO">
			select * from tbl_reply where rno = #{rno}
		</select>
		
		<delete id="delete">
			delete from tbl_reply where rno = #{rno}
		</delete>
		
		<update id="update">
			update tbl_reply set reply = #{reply}, updatedate = sysdate where rno = #{rno}
		</update>
		
		
		<!-- 특정 게시무르이 댓글을 가져오는 것을 작성 -->
		<select id="getListWithPaging" resultType="org.zerock.domain.ReplyVO">
			select rno, bno, reply, replyer, replyDate, updatedate
			from tbl_reply
			where bno = #{bno}
			order by rno asc
		</select>
	
	</mapper>